temperature,time
temperature,time
25.4,2020-02-21 17:33:40.426744
25.4,2020-02-21 17:33:41.449476
25.4,2020-02-21 17:33:42.472982
25.4,2020-02-21 17:33:43.518639
25.4,2020-02-21 17:33:44.542247
25.4,2020-02-21 17:33:45.565808
25.4,2020-02-21 17:33:46.593433
25.4,2020-02-21 17:33:47.616983
25.4,2020-02-21 17:33:48.646933
temperature,time
25.4,2020-02-21 17:34:00.780350
25.4,2020-02-21 17:34:01.811947
25.4,2020-02-21 17:34:02.837602
25.4,2020-02-21 17:34:03.860577
25.4,2020-02-21 17:34:04.883384
25.4,2020-02-21 17:34:05.910566
25.4,2020-02-21 17:38:21.973265
25.4,2020-02-21 17:38:22.997337
25.4,2020-02-21 17:38:24.022425
25.4,2020-02-21 17:38:25.048863
25.4,2020-02-21 17:38:26.076660
25.5,2020-02-21 17:38:27.106032
25.5,2020-02-21 17:38:28.130610
24.4,2020-02-21 17:20:29.560410
24.5,2020-02-21 17:20:30.583923
24.5,2020-02-21 17:20:31.607914
24.5,2020-02-21 17:20:32.631640
24.5,2020-02-21 17:20:33.655708
25.0,2020-02-21 17:35:45.540253
25.0,2020-02-21 17:35:46.568278
25.0,2020-02-21 17:35:47.598114
25.0,2020-02-21 17:35:48.623415
25.0,2020-02-21 17:35:49.648936
25.0,2020-02-21 17:35:50.675144
25.0,2020-02-21 17:35:51.702975
25.0,2020-02-21 17:35:52.728126
25.0,2020-02-21 17:35:53.754691
25.0,2020-02-21 17:35:54.779316
25.0,2020-02-21 17:35:55.803452
25.0,2020-02-21 17:35:56.827833
25.0,2020-02-21 17:35:57.853721
25.0,2020-02-21 17:35:58.878994
25.0,2020-02-21 17:36:14.940949
25.1,2020-02-21 17:37:24.011501
25.1,2020-02-21 17:37:25.036908
25.1,2020-02-21 17:37:26.064143
25.1,2020-02-21 17:37:27.089160
25.1,2020-02-21 17:37:28.113282
25.1,2020-02-21 17:37:29.141285
25.1,2020-02-21 17:37:30.166055
25.1,2020-02-21 17:37:31.190781
25.0,2020-02-21 17:37:52.358978
25.0,2020-02-21 17:37:53.388303
25.0,2020-02-21 17:37:54.413023
25.0,2020-02-21 17:37:55.438348
25.6,2020-02-21 18:32:20.486393
25.6,2020-02-21 18:33:14.396376
25.6,2020-02-21 18:33:34.008016
25.6,2020-02-21 18:34:07.297400
25.6,2020-02-21 18:34:08.916824
25.6,2020-02-21 18:34:10.483855
25.7,2020-02-21 18:34:12.063063
25.7,2020-02-21 18:34:13.641093
25.7,2020-02-21 18:34:15.201566
25.7,2020-02-21 18:34:16.771636
25.7,2020-02-21 18:34:18.353064
25.7,2020-02-21 18:34:19.926969
25.7,2020-02-21 18:34:22.510408
25.7,2020-02-21 18:34:24.073292
25.6,2020-02-21 18:34:25.660505
25.6,2020-02-21 18:34:27.245279
25.7,2020-02-21 18:34:28.817772
25.7,2020-02-21 18:34:30.399135
25.7,2020-02-21 18:34:31.964516
25.7,2020-02-21 18:34:33.565236
25.7,2020-02-21 18:34:35.132294
25.7,2020-02-21 18:34:36.700910
25.7,2020-02-21 18:34:38.282883
25.7,2020-02-21 18:34:40.161516
25.7,2020-02-21 18:34:41.743648
25.7,2020-02-21 18:34:43.312419
25.7,2020-02-21 18:34:44.878342
25.6,2020-02-21 18:34:46.478531
25.6,2020-02-21 18:34:48.047916
25.6,2020-02-21 18:34:49.606526
25.6,2020-02-21 18:34:51.189085
25.6,2020-02-21 18:34:52.758730
25.6,2020-02-21 18:34:54.335418
25.6,2020-02-21 18:34:55.911365
25.6,2020-02-21 18:34:57.468092
25.6,2020-02-21 18:34:59.345366
25.6,2020-02-21 18:35:00.967791
25.6,2020-02-21 18:35:02.540549
25.6,2020-02-21 18:35:04.119668
25.6,2020-02-21 18:35:05.706850
25.6,2020-02-21 18:35:07.284240
25.6,2020-02-21 18:35:08.857223
25.6,2020-02-21 18:35:10.433953
25.6,2020-02-21 18:35:12.046181
25.6,2020-02-21 18:35:14.636942
24.8,2020-02-21 19:59:29.070389
24.8,2020-02-21 19:59:30.906454
24.8,2020-02-21 20:01:42.918236
24.8,2020-02-21 20:01:44.512332
24.8,2020-02-21 20:01:46.076444
24.8,2020-02-21 20:01:47.672900
24.8,2020-02-21 20:01:49.252105
24.8,2020-02-21 20:01:50.838079
24.8,2020-02-21 20:01:52.403906
24.8,2020-02-21 20:01:53.974666
24.8,2020-02-21 20:01:55.574088
24.8,2020-02-21 20:01:57.160481
24.8,2020-02-21 20:01:58.987265
24.8,2020-02-21 20:02:00.824054
24.8,2020-02-21 20:02:02.423527
24.8,2020-02-21 20:02:03.998191
24.8,2020-02-21 20:04:27.386839
24.8,2020-02-21 20:04:28.973870
24.8,2020-02-21 20:04:30.581708
24.8,2020-02-21 20:04:32.247264
24.8,2020-02-21 20:04:33.835363
24.8,2020-02-21 20:04:35.421408
24.8,2020-02-21 20:10:26.383328
24.8,2020-02-21 20:10:28.083248
24.8,2020-02-21 20:10:29.699066
24.8,2020-02-21 20:10:31.311337
24.8,2020-02-21 20:10:32.914383
24.8,2020-02-21 20:10:34.527182
24.8,2020-02-21 20:10:36.176802
24.8,2020-02-21 20:10:37.767937
24.9,2020-02-21 20:11:13.614279
24.9,2020-02-21 20:11:15.218904
24.9,2020-02-21 20:11:16.794413
24.9,2020-02-21 20:11:18.358714
24.9,2020-02-21 20:11:19.917131
24.9,2020-02-21 20:11:21.471350
24.9,2020-02-21 20:11:23.023485
24.9,2020-02-21 20:11:24.595360
24.9,2020-02-21 20:11:26.165957
25.5,2020-02-21 20:11:27.823003
25.5,2020-02-21 20:11:29.394880
25.4,2020-02-21 20:11:30.985842
25.4,2020-02-21 20:11:32.539557
25.4,2020-02-21 20:11:34.106605
25.4,2020-02-21 20:11:35.669158
25.4,2020-02-21 20:11:37.517760
25.4,2020-02-21 20:11:39.116694
25.4,2020-02-21 20:11:40.686863
25.4,2020-02-21 20:11:42.261904
25.3,2020-02-21 20:12:02.003428
25.3,2020-02-21 20:12:03.605464
25.3,2020-02-21 20:12:05.186446
26.2,2020-02-21 20:12:06.749233
26.2,2020-02-21 20:12:08.320716
26.2,2020-02-21 20:12:09.921740
26.3,2020-02-21 20:12:11.509596
26.3,2020-02-21 20:12:13.072599
26.3,2020-02-21 20:12:14.643091
24.5,2020-02-21 20:31:50.117519
24.5,2020-02-21 20:31:51.781118
24.5,2020-02-21 20:31:53.361367
24.5,2020-02-21 20:31:54.927620
24.5,2020-02-21 20:31:56.502505
24.5,2020-02-21 20:31:58.097908
24.5,2020-02-21 20:32:00.147793
24.5,2020-02-21 20:32:01.737832
24.5,2020-02-21 20:32:03.315055
24.5,2020-02-21 20:32:04.898532
24.5,2020-02-21 20:32:06.478004
24.4,2020-02-21 20:32:08.050330
24.4,2020-02-21 20:32:09.614570
24.4,2020-02-21 20:32:11.203844
24.4,2020-02-21 20:32:17.999246
24.4,2020-02-21 20:32:19.593386
24.4,2020-02-21 20:32:21.195937
24.4,2020-02-21 20:32:22.759144
24.0,2020-02-21 20:36:41.385729
24.0,2020-02-21 20:36:42.961747
24.0,2020-02-21 20:36:44.527381
24.3,2020-02-21 20:36:46.117394
24.3,2020-02-21 20:36:47.678139
24.3,2020-02-21 20:36:49.276538
24.3,2020-02-21 20:36:51.131267
24.3,2020-02-21 20:36:52.782350
24.5,2020-02-21 20:36:54.351739
24.5,2020-02-21 20:36:55.931521
24.5,2020-02-21 20:36:57.502369
24.8,2020-02-21 20:37:00.421324
24.8,2020-02-21 20:37:01.983953
24.7,2020-02-21 20:37:03.542478
24.7,2020-02-21 20:37:05.115889
24.8,2020-02-21 20:37:06.710234
23.8,2020-02-21 20:40:13.971176
23.8,2020-02-21 20:40:15.572594
23.8,2020-02-21 20:40:17.132627
24.1,2020-02-21 20:40:18.781236
24.1,2020-02-21 20:40:20.347724
24.1,2020-02-21 20:40:21.910499
24.4,2020-02-21 20:40:23.488911
24.4,2020-02-21 20:40:25.080165
24.3,2020-02-21 20:40:26.647555
24.3,2020-02-21 20:40:28.218590
24.3,2020-02-21 20:40:29.789586
24.2,2020-02-21 20:40:31.343141
24.2,2020-02-21 20:40:32.908455
24.2,2020-02-21 20:40:34.470557
24.2,2020-02-21 20:40:36.037252
24.2,2020-02-21 20:40:37.590805
24.2,2020-02-21 20:40:39.156601
24.2,2020-02-21 20:40:40.721330
24.2,2020-02-21 20:40:42.277311
24.1,2020-02-21 20:40:43.855496
24.1,2020-02-21 20:40:45.471363
24.1,2020-02-21 20:40:47.094091
24.1,2020-02-21 20:40:48.647362
24.1,2020-02-21 20:40:50.203821
24.1,2020-02-21 20:40:51.779545
24.1,2020-02-21 20:40:53.340506
24.1,2020-02-21 20:40:54.910303
24.2,2020-02-21 20:40:56.489628
24.2,2020-02-21 20:40:58.060601
24.3,2020-02-21 20:41:00.564694
24.3,2020-02-21 20:41:02.124364
24.3,2020-02-21 20:41:03.703709
24.2,2020-02-21 20:41:05.270234
24.2,2020-02-21 20:41:06.835853
24.2,2020-02-21 20:41:08.400459
24.2,2020-02-21 20:41:09.963173
24.2,2020-02-21 20:41:11.550674
24.2,2020-02-21 20:41:13.110661
23.9,2020-02-21 20:54:16.041031
23.9,2020-02-21 20:54:17.821762
23.9,2020-02-21 20:54:19.390763
23.8,2020-02-21 20:54:21.000131
23.8,2020-02-21 20:54:22.594493
23.8,2020-02-21 20:54:24.171728
23.8,2020-02-21 20:54:25.747135
23.8,2020-02-21 20:54:27.322960
23.8,2020-02-21 20:54:28.886746
23.8,2020-02-21 20:54:30.481833
23.8,2020-02-21 20:54:32.053607
23.8,2020-02-21 20:54:33.605740
23.8,2020-02-21 20:54:35.167962
23.8,2020-02-21 20:54:36.750112
23.8,2020-02-21 20:54:38.357032
23.8,2020-02-21 20:54:39.939666
23.8,2020-02-21 20:54:41.502296
23.8,2020-02-21 20:54:43.101530
23.8,2020-02-21 20:54:44.702082
23.8,2020-02-21 20:54:46.266829
23.8,2020-02-21 20:54:47.837780
23.8,2020-02-21 20:54:49.409535
24.1,2020-02-21 20:54:50.966728
24.1,2020-02-21 20:54:52.534288
24.3,2020-02-21 20:54:54.119941
24.3,2020-02-21 20:54:55.679388
24.3,2020-02-21 20:54:57.248660
24.2,2020-02-21 20:54:59.015318
24.2,2020-02-21 20:55:00.796426
24.2,2020-02-21 20:55:02.370049
24.2,2020-02-21 20:55:03.941041
24.2,2020-02-21 20:55:05.506573
24.1,2020-02-21 20:55:07.090212
24.1,2020-02-21 20:55:08.676702
24.1,2020-02-21 20:55:10.233616
24.0,2020-02-21 20:55:16.805615
24.0,2020-02-21 20:55:18.372615
23.9,2020-02-21 20:55:19.944425
23.9,2020-02-21 20:55:21.520642
23.9,2020-02-21 20:55:23.093846
23.9,2020-02-21 20:55:24.669115
23.9,2020-02-21 20:55:26.246188
23.9,2020-02-21 20:55:27.820416
23.9,2020-02-21 20:55:29.410043
23.9,2020-02-21 20:55:31.009680
23.9,2020-02-21 20:55:32.573422
23.9,2020-02-21 20:55:34.161421
23.8,2020-02-21 20:55:35.736780
23.8,2020-02-21 20:55:37.332609
23.8,2020-02-21 20:55:38.919307
23.8,2020-02-21 20:55:40.494390
23.8,2020-02-21 20:55:42.060587
23.8,2020-02-21 20:55:43.632347
23.8,2020-02-21 20:55:45.247323
23.8,2020-02-21 20:55:46.843920
23.7,2020-02-21 20:55:48.416003
23.7,2020-02-21 20:55:50.033491
23.7,2020-02-21 20:55:51.589487
23.7,2020-02-21 20:55:53.157873
23.7,2020-02-21 20:55:54.782032
23.7,2020-02-21 20:55:56.366083
23.7,2020-02-21 20:55:57.940191
23.7,2020-02-21 20:55:59.976740
23.7,2020-02-21 20:56:01.564407
23.7,2020-02-21 20:56:03.156732
23.7,2020-02-21 20:56:04.738521
23.7,2020-02-21 20:56:06.356673
23.7,2020-02-21 20:56:07.990542
23.6,2020-02-21 20:56:09.915814
23.6,2020-02-21 20:56:11.500058
23.6,2020-02-21 20:56:13.070807
23.6,2020-02-21 20:56:14.676525
23.6,2020-02-21 20:56:16.258416
23.6,2020-02-21 20:56:17.836431
23.6,2020-02-21 20:56:19.410401
23.6,2020-02-21 20:56:20.977019
23.6,2020-02-21 20:56:22.563437
23.6,2020-02-21 20:56:24.174558
23.6,2020-02-21 20:56:25.761482
23.6,2020-02-21 20:56:27.343645
23.6,2020-02-21 20:56:28.918166
23.5,2020-02-21 20:56:30.501100
23.5,2020-02-21 20:56:32.072154
23.5,2020-02-21 20:56:33.655755
23.5,2020-02-21 20:56:35.211589
23.5,2020-02-21 20:56:36.789834
23.5,2020-02-21 20:56:38.358224
23.5,2020-02-21 20:56:39.953871
23.5,2020-02-21 20:56:41.528100
23.5,2020-02-21 20:56:43.113774
23.5,2020-02-21 20:56:44.678508
23.5,2020-02-21 20:56:46.248893
23.5,2020-02-21 20:56:47.841208
23.5,2020-02-21 20:56:49.462527
23.5,2020-02-21 20:56:51.026731
23.5,2020-02-21 20:56:52.606753
23.5,2020-02-21 20:56:54.219121
23.4,2020-02-21 20:56:55.814250
23.4,2020-02-21 20:56:57.376575
23.4,2020-02-21 20:56:59.640907
23.4,2020-02-21 20:57:01.238449
23.4,2020-02-21 20:57:02.821421
23.4,2020-02-21 20:57:04.397742
23.4,2020-02-21 20:57:06.007617
23.4,2020-02-21 20:57:07.602289
23.4,2020-02-21 20:57:08.817092
23.4,2020-02-21 20:57:10.035108
23.4,2020-02-21 20:57:11.251181
23.4,2020-02-21 20:57:12.479899
23.4,2020-02-21 20:57:13.695300
23.4,2020-02-21 20:57:14.929907
23.4,2020-02-21 20:57:16.142786
23.4,2020-02-21 20:57:17.356723
23.4,2020-02-21 20:57:18.568549
23.4,2020-02-21 20:57:19.794244
23.4,2020-02-21 20:57:21.006127
23.4,2020-02-21 20:57:22.229283
23.4,2020-02-21 20:57:23.444186
23.4,2020-02-21 20:57:24.661133
23.4,2020-02-21 20:57:25.871610
23.4,2020-02-21 20:57:27.087549
23.4,2020-02-21 20:57:28.313962
23.4,2020-02-21 20:57:29.533093
23.4,2020-02-21 20:57:30.747182
23.4,2020-02-21 20:57:31.959180
23.4,2020-02-21 20:57:33.181059
23.4,2020-02-21 20:57:34.392094
23.4,2020-02-21 20:57:35.604828
23.4,2020-02-21 20:57:36.813657
23.4,2020-02-21 20:57:38.024072
23.4,2020-02-21 20:57:39.243736
23.4,2020-02-21 20:57:40.475707
23.4,2020-02-21 20:57:41.699175
23.4,2020-02-21 20:57:42.916710
23.4,2020-02-21 20:57:44.125083
23.4,2020-02-21 20:57:45.336791
23.4,2020-02-21 20:57:46.558171
23.4,2020-02-21 20:57:47.779343
23.4,2020-02-21 20:57:48.992767
23.4,2020-02-21 20:57:50.213564
23.4,2020-02-21 20:57:51.494643
23.4,2020-02-21 20:57:52.707169
23.4,2020-02-21 20:57:53.930400
23.4,2020-02-21 20:57:55.145857
23.4,2020-02-21 20:57:56.359877
23.4,2020-02-21 20:57:57.573279
23.4,2020-02-21 20:57:58.901419
23.4,2020-02-21 20:58:00.775637
23.4,2020-02-21 20:58:01.988711
23.4,2020-02-21 20:58:03.206911
23.4,2020-02-21 20:58:04.435335
23.4,2020-02-21 20:58:05.646152
23.4,2020-02-21 20:58:06.872117
23.4,2020-02-21 20:58:08.088527
23.4,2020-02-21 20:58:09.314732
23.4,2020-02-21 20:58:10.529584
23.4,2020-02-21 20:58:11.742903
23.4,2020-02-21 20:58:12.949789
23.4,2020-02-21 20:58:14.189369
23.4,2020-02-21 20:58:15.405437
23.4,2020-02-21 20:58:16.627411
23.4,2020-02-21 20:58:17.850667
23.4,2020-02-21 20:58:19.079882
23.4,2020-02-21 20:58:20.303029
23.4,2020-02-21 20:58:21.523142
23.4,2020-02-21 20:58:22.743675
23.4,2020-02-21 20:58:23.968879
23.4,2020-02-21 20:58:25.180294
23.4,2020-02-21 20:58:26.393237
23.3,2020-02-21 20:58:27.608975
23.3,2020-02-21 20:58:28.857985
23.3,2020-02-21 20:58:30.075751
23.4,2020-02-21 20:58:31.290420
23.4,2020-02-21 20:58:32.506054
23.4,2020-02-21 20:58:33.722479
23.4,2020-02-21 20:58:34.939171
23.3,2020-02-21 20:58:36.166129
23.3,2020-02-21 20:58:37.391809
23.3,2020-02-21 20:58:38.608677
23.3,2020-02-21 20:58:39.829629
23.3,2020-02-21 20:58:41.037705
23.3,2020-02-21 20:58:42.268647
23.3,2020-02-21 20:58:43.516666
23.3,2020-02-21 20:58:44.729424
23.3,2020-02-21 20:58:45.940760
23.3,2020-02-21 20:58:47.153736
23.3,2020-02-21 20:58:48.369938
23.3,2020-02-21 20:58:49.583285
23.3,2020-02-21 20:58:50.838304
23.3,2020-02-21 20:58:52.052418
23.3,2020-02-21 20:58:53.264436
23.3,2020-02-21 20:58:54.473619
23.3,2020-02-21 20:58:55.690247
23.3,2020-02-21 20:58:56.911421
23.3,2020-02-21 20:58:58.131488
23.3,2020-02-21 20:59:00.464341
23.3,2020-02-21 20:59:01.692492
23.3,2020-02-21 20:59:02.909928
23.3,2020-02-21 20:59:04.119648
23.3,2020-02-21 20:59:05.328053
23.3,2020-02-21 20:59:06.538766
23.3,2020-02-21 20:59:07.766034
23.3,2020-02-21 20:59:09.000093
23.3,2020-02-21 20:59:10.216708
23.3,2020-02-21 20:59:11.422174
23.3,2020-02-21 20:59:12.650290
23.3,2020-02-21 20:59:13.875950
23.3,2020-02-21 20:59:15.091298
23.3,2020-02-21 20:59:16.309972
23.3,2020-02-21 20:59:17.551172
23.3,2020-02-21 20:59:18.917786
23.3,2020-02-21 20:59:20.131938
23.3,2020-02-21 20:59:21.343456
23.3,2020-02-21 20:59:22.563280
23.3,2020-02-21 20:59:23.778270
23.3,2020-02-21 20:59:24.990954
23.3,2020-02-21 20:59:26.201830
23.3,2020-02-21 20:59:27.422807
23.3,2020-02-21 20:59:28.639825
23.3,2020-02-21 20:59:29.855076
23.3,2020-02-21 20:59:31.076712
23.3,2020-02-21 20:59:32.289784
23.3,2020-02-21 20:59:33.504220
23.3,2020-02-21 20:59:34.736010
23.3,2020-02-21 20:59:35.945427
23.3,2020-02-21 20:59:37.173559
23.3,2020-02-21 20:59:38.386193
23.3,2020-02-21 20:59:39.606738
23.3,2020-02-21 20:59:40.822064
23.3,2020-02-21 20:59:42.035332
23.3,2020-02-21 20:59:43.258411
23.3,2020-02-21 20:59:44.479706
23.3,2020-02-21 20:59:45.692935
23.3,2020-02-21 20:59:46.902263
23.3,2020-02-21 20:59:48.114387
23.3,2020-02-21 20:59:49.323273
23.3,2020-02-21 20:59:50.535712
23.3,2020-02-21 20:59:51.751985
23.3,2020-02-21 20:59:52.964080
23.3,2020-02-21 20:59:54.195135
23.3,2020-02-21 20:59:55.719658
23.3,2020-02-21 20:59:56.935476
23.3,2020-02-21 20:59:58.151926
23.3,2020-02-21 20:59:59.475299
23.3,2020-02-21 21:00:00.720332
23.3,2020-02-21 21:00:01.939447
23.3,2020-02-21 21:00:03.151476
23.3,2020-02-21 21:00:04.363010
23.3,2020-02-21 21:00:05.575790
23.3,2020-02-21 21:00:06.804850
23.3,2020-02-21 21:00:08.022170
23.3,2020-02-21 21:00:09.261085
23.3,2020-02-21 21:00:10.471223
23.3,2020-02-21 21:00:11.683125
23.3,2020-02-21 21:00:12.890572
23.3,2020-02-21 21:00:14.104383
23.3,2020-02-21 21:00:15.329601
23.3,2020-02-21 21:00:16.550394
23.3,2020-02-21 21:00:17.775480
23.3,2020-02-21 21:00:18.991963
23.3,2020-02-21 21:00:20.205821
23.3,2020-02-21 21:00:21.422387
23.3,2020-02-21 21:00:27.645371
23.3,2020-02-21 21:00:28.855392
23.3,2020-02-21 21:00:30.069269
23.3,2020-02-21 21:00:31.281997
23.3,2020-02-21 21:00:32.497275
23.3,2020-02-21 21:00:33.718857
23.3,2020-02-21 21:00:34.940016
23.3,2020-02-21 21:00:36.151520
23.3,2020-02-21 21:00:37.368473
23.3,2020-02-21 21:00:38.583193
23.3,2020-02-21 21:00:39.800222
23.2,2020-02-21 21:00:41.020500
23.2,2020-02-21 21:00:42.241331
23.2,2020-02-21 21:00:43.464013
23.2,2020-02-21 21:00:44.673865
23.2,2020-02-21 21:00:45.883554
23.2,2020-02-21 21:00:47.123468
23.2,2020-02-21 21:00:48.347465
23.2,2020-02-21 21:00:49.573327
23.2,2020-02-21 21:00:50.785546
23.2,2020-02-21 21:00:51.997546
23.2,2020-02-21 21:00:53.213967
23.2,2020-02-21 21:00:54.451240
23.2,2020-02-21 21:00:55.665492
23.2,2020-02-21 21:00:56.878909
23.2,2020-02-21 21:00:58.095294
23.2,2020-02-21 21:00:59.486722
23.2,2020-02-21 21:01:00.729585
23.2,2020-02-21 21:01:01.963251
23.2,2020-02-21 21:01:03.173929
23.2,2020-02-21 21:01:04.389333
23.2,2020-02-21 21:01:05.609209
23.2,2020-02-21 21:01:06.829907
23.2,2020-02-21 21:01:08.042529
23.2,2020-02-21 21:01:09.262317
23.2,2020-02-21 21:01:10.474226
23.2,2020-02-21 21:01:11.688941
23.2,2020-02-21 21:01:12.903161
23.2,2020-02-21 21:01:14.116063
23.2,2020-02-21 21:01:15.355328
23.2,2020-02-21 21:01:16.569404
23.2,2020-02-21 21:01:17.784503
23.8,2020-02-21 21:01:19.011421
23.8,2020-02-21 21:01:20.228321
23.8,2020-02-21 21:01:21.450453
23.6,2020-02-21 21:01:22.665005
23.6,2020-02-21 21:01:23.877077
23.6,2020-02-21 21:01:25.087488
23.6,2020-02-21 21:01:26.299307
23.6,2020-02-21 21:01:27.516359
23.6,2020-02-21 21:01:28.739484
23.6,2020-02-21 21:01:29.954038
23.6,2020-02-21 21:01:31.165782
23.6,2020-02-21 21:01:32.387107
23.6,2020-02-21 21:01:33.604068
23.6,2020-02-21 21:01:34.817040
23.5,2020-02-21 21:01:36.031326
23.5,2020-02-21 21:01:37.248845
23.5,2020-02-21 21:01:38.468945
23.5,2020-02-21 21:01:39.685763
23.5,2020-02-21 21:01:40.901608
23.5,2020-02-21 21:01:42.122788
23.5,2020-02-21 21:01:48.512562
23.5,2020-02-21 21:01:49.724144
23.5,2020-02-21 21:01:50.942717
23.5,2020-02-21 21:01:52.159593
23.5,2020-02-21 21:01:53.370900
23.5,2020-02-21 21:01:54.582276
23.5,2020-02-21 21:01:55.793936
23.4,2020-02-21 21:01:57.008234
23.4,2020-02-21 21:01:58.231013
23.4,2020-02-21 21:01:59.659201
23.4,2020-02-21 21:02:00.874377
23.4,2020-02-21 21:02:02.091638
23.4,2020-02-21 21:02:03.313848
23.4,2020-02-21 21:02:04.523592
23.4,2020-02-21 21:02:05.740168
23.4,2020-02-21 21:02:06.949363
23.4,2020-02-21 21:02:08.172118
23.4,2020-02-21 21:02:09.395875
23.4,2020-02-21 21:02:10.607437
23.4,2020-02-21 21:02:11.830461
23.4,2020-02-21 21:02:13.045684
23.4,2020-02-21 21:02:14.262132
23.4,2020-02-21 21:02:15.480834
23.4,2020-02-21 21:02:16.701168
23.4,2020-02-21 21:02:17.911343
23.4,2020-02-21 21:02:19.134412
23.4,2020-02-21 21:02:20.350358
23.4,2020-02-21 21:02:21.559147
23.4,2020-02-21 21:02:22.772203
23.4,2020-02-21 21:02:24.063668
23.4,2020-02-21 21:02:25.274965
23.4,2020-02-21 21:02:26.492691
23.4,2020-02-21 21:02:27.707326
23.4,2020-02-21 21:02:28.927495
23.4,2020-02-21 21:02:30.145845
23.4,2020-02-21 21:02:31.362585
23.4,2020-02-21 21:02:32.573076
23.3,2020-02-21 21:02:33.786662
23.3,2020-02-21 21:02:35.003533
23.3,2020-02-21 21:02:36.220504
23.3,2020-02-21 21:02:37.435200
23.3,2020-02-21 21:02:38.650042
23.3,2020-02-21 21:02:39.872437
23.3,2020-02-21 21:02:41.085803
23.3,2020-02-21 21:02:42.309088
23.3,2020-02-21 21:02:43.520923
23.3,2020-02-21 21:02:44.734960
23.3,2020-02-21 21:02:45.952820
23.3,2020-02-21 21:02:47.180092
23.3,2020-02-21 21:02:48.418817
23.3,2020-02-21 21:02:49.630121
23.3,2020-02-21 21:02:50.852725
23.3,2020-02-21 21:02:52.063806
23.3,2020-02-21 21:02:53.309779
23.3,2020-02-21 21:02:54.523237
23.3,2020-02-21 21:02:55.747120
23.3,2020-02-21 21:02:56.958667
23.3,2020-02-21 21:02:58.174347
23.3,2020-02-21 21:03:04.400778
23.3,2020-02-21 21:03:05.616012
23.3,2020-02-21 21:03:06.831988
23.3,2020-02-21 21:03:08.047331
23.3,2020-02-21 21:03:09.274173
23.3,2020-02-21 21:03:10.495436
23.3,2020-02-21 21:03:11.714249
23.3,2020-02-21 21:03:12.937263
23.3,2020-02-21 21:03:14.154703
23.3,2020-02-21 21:03:15.410803
23.3,2020-02-21 21:03:16.636737
23.3,2020-02-21 21:03:22.868706
23.3,2020-02-21 21:03:24.087184
23.3,2020-02-21 21:03:25.308301
23.3,2020-02-21 21:03:26.521625
23.3,2020-02-21 21:03:27.733240
23.3,2020-02-21 21:03:28.943636
23.3,2020-02-21 21:03:30.167336
23.3,2020-02-21 21:03:31.388625
23.3,2020-02-21 21:03:32.593917
23.3,2020-02-21 21:03:33.812750
23.3,2020-02-21 21:03:35.035116
23.3,2020-02-21 21:03:36.245077
23.3,2020-02-21 21:03:37.467387
23.3,2020-02-21 21:03:38.685408
23.3,2020-02-21 21:03:39.903036
23.3,2020-02-21 21:03:41.116957
23.3,2020-02-21 21:03:42.345213
23.3,2020-02-21 21:03:43.557191
23.3,2020-02-21 21:03:44.769637
23.3,2020-02-21 21:03:45.986223
23.3,2020-02-21 21:03:47.203487
23.3,2020-02-21 21:03:48.425318
23.3,2020-02-21 21:03:49.641689
23.3,2020-02-21 21:03:50.855893
23.3,2020-02-21 21:03:52.069996
23.2,2020-02-21 21:03:53.281537
23.2,2020-02-21 21:03:54.493702
23.2,2020-02-21 21:03:55.710223
23.2,2020-02-21 21:03:56.922987
23.3,2020-02-21 21:03:58.141801
23.3,2020-02-21 21:03:59.500734
23.3,2020-02-21 21:04:00.733126
23.3,2020-02-21 21:04:01.949135
23.3,2020-02-21 21:04:03.166128
23.3,2020-02-21 21:04:04.388551
23.3,2020-02-21 21:04:05.597876
23.2,2020-02-21 21:04:06.814759
23.2,2020-02-21 21:04:08.026193
23.2,2020-02-21 21:04:09.239576
23.2,2020-02-21 21:04:10.455995
23.2,2020-02-21 21:04:11.679863
23.2,2020-02-21 21:04:12.892753
23.2,2020-02-21 21:04:14.115971
23.2,2020-02-21 21:04:15.334469
23.2,2020-02-21 21:04:16.546896
23.2,2020-02-21 21:04:17.763216
23.2,2020-02-21 21:04:18.990655
23.2,2020-02-21 21:04:20.378396
23.2,2020-02-21 21:04:21.593442
23.2,2020-02-21 21:04:22.816419
23.2,2020-02-21 21:04:24.033661
23.2,2020-02-21 21:04:25.245259
23.2,2020-02-21 21:04:26.467070
23.2,2020-02-21 21:04:27.678754
23.2,2020-02-21 21:04:28.911717
23.2,2020-02-21 21:04:30.129510
23.2,2020-02-21 21:04:31.345857
23.2,2020-02-21 21:04:32.562470
23.2,2020-02-21 21:04:33.777609
23.2,2020-02-21 21:04:34.987323
23.2,2020-02-21 21:04:36.219217
23.2,2020-02-21 21:04:37.439093
23.2,2020-02-21 21:04:38.661801
23.2,2020-02-21 21:04:39.877893
23.2,2020-02-21 21:04:41.092530
23.2,2020-02-21 21:04:42.313788
23.2,2020-02-21 21:04:43.524341
23.2,2020-02-21 21:04:44.732271
23.2,2020-02-21 21:04:45.947875
23.2,2020-02-21 21:04:47.163042
23.2,2020-02-21 21:04:48.381001
23.2,2020-02-21 21:04:49.598187
23.2,2020-02-21 21:04:50.828986
23.2,2020-02-21 21:04:52.052625
23.2,2020-02-21 21:04:53.268871
23.2,2020-02-21 21:04:54.479169
23.2,2020-02-21 21:04:55.687413
23.2,2020-02-21 21:04:56.924550
23.2,2020-02-21 21:04:58.145709
23.2,2020-02-21 21:04:59.493862
23.2,2020-02-21 21:05:00.733839
23.2,2020-02-21 21:05:01.949430
23.2,2020-02-21 21:05:03.174000
23.2,2020-02-21 21:05:04.392246
23.2,2020-02-21 21:05:05.608748
23.2,2020-02-21 21:05:06.820992
23.2,2020-02-21 21:05:08.052919
23.2,2020-02-21 21:05:09.280706
23.2,2020-02-21 21:05:10.510389
23.2,2020-02-21 21:05:11.737378
23.2,2020-02-21 21:05:12.948592
23.2,2020-02-21 21:05:14.156260
23.2,2020-02-21 21:05:15.403769
23.2,2020-02-21 21:05:16.617554
23.2,2020-02-21 21:05:17.830201
23.2,2020-02-21 21:05:19.047210
23.2,2020-02-21 21:05:20.256742
23.2,2020-02-21 21:05:21.468656
23.2,2020-02-21 21:05:22.682544
23.2,2020-02-21 21:05:23.899114
23.2,2020-02-21 21:05:25.116030
23.2,2020-02-21 21:05:26.334225
23.2,2020-02-21 21:05:27.549776
23.2,2020-02-21 21:05:28.762929
23.2,2020-02-21 21:05:29.988618
23.2,2020-02-21 21:05:31.238117
23.2,2020-02-21 21:05:32.461761
23.1,2020-02-21 21:05:33.679627
23.1,2020-02-21 21:05:34.901912
23.1,2020-02-21 21:05:36.147058
23.1,2020-02-21 21:05:37.366251
23.2,2020-02-21 21:05:38.582918
23.2,2020-02-21 21:05:39.811441
23.2,2020-02-21 21:05:41.021350
23.1,2020-02-21 21:05:42.238630
23.1,2020-02-21 21:05:43.450631
23.1,2020-02-21 21:05:44.669050
23.1,2020-02-21 21:05:45.879424
23.2,2020-02-21 21:05:47.090504
23.2,2020-02-21 21:05:48.309953
23.2,2020-02-21 21:05:49.529213
23.2,2020-02-21 21:05:50.755440
23.2,2020-02-21 21:05:51.971917
23.2,2020-02-21 21:05:53.226254
23.2,2020-02-21 21:05:54.441970
23.2,2020-02-21 21:05:55.657879
23.2,2020-02-21 21:05:56.876127
23.2,2020-02-21 21:05:58.085862
23.2,2020-02-21 21:06:00.462299
23.2,2020-02-21 21:06:01.671325
23.2,2020-02-21 21:06:02.891707
23.2,2020-02-21 21:06:04.101118
23.2,2020-02-21 21:06:05.321824
23.2,2020-02-21 21:06:06.542848
23.2,2020-02-21 21:06:07.765844
23.2,2020-02-21 21:06:08.983649
23.2,2020-02-21 21:06:10.207330
23.2,2020-02-21 21:06:11.416025
23.2,2020-02-21 21:06:12.627207
23.2,2020-02-21 21:06:13.837360
23.2,2020-02-21 21:06:15.053940
23.2,2020-02-21 21:06:16.266011
23.2,2020-02-21 21:06:17.481697
23.2,2020-02-21 21:06:18.698179
23.2,2020-02-21 21:06:19.911099
23.2,2020-02-21 21:06:21.148044
23.2,2020-02-21 21:06:22.371788
23.2,2020-02-21 21:06:23.600796
23.2,2020-02-21 21:06:24.817098
23.2,2020-02-21 21:06:26.043170
23.2,2020-02-21 21:06:27.270799
23.2,2020-02-21 21:06:28.483873
23.2,2020-02-21 21:06:29.692040
23.2,2020-02-21 21:06:30.910389
23.2,2020-02-21 21:06:32.126724
23.2,2020-02-21 21:06:33.351982
23.2,2020-02-21 21:06:34.582499
23.2,2020-02-21 21:06:35.799616
23.2,2020-02-21 21:06:37.013436
23.2,2020-02-21 21:06:38.228421
23.2,2020-02-21 21:06:39.466731
23.2,2020-02-21 21:06:40.680241
23.2,2020-02-21 21:06:41.901126
23.2,2020-02-21 21:06:43.122552
23.2,2020-02-21 21:06:44.346119
23.2,2020-02-21 21:06:45.560363
23.2,2020-02-21 21:06:46.782500
23.2,2020-02-21 21:06:48.006342
23.3,2020-02-21 21:06:49.219401
23.3,2020-02-21 21:06:50.436729
23.3,2020-02-21 21:06:51.655199
23.3,2020-02-21 21:06:52.871549
23.3,2020-02-21 21:06:54.081214
23.3,2020-02-21 21:06:55.292978
23.3,2020-02-21 21:06:56.514651
23.2,2020-02-21 21:06:57.739510
23.2,2020-02-21 21:06:59.038554
23.2,2020-02-21 21:07:00.776960
23.2,2020-02-21 21:07:01.990337
23.2,2020-02-21 21:07:03.212002
23.2,2020-02-21 21:07:04.428585
23.2,2020-02-21 21:07:05.636340
23.2,2020-02-21 21:07:06.846282
23.2,2020-02-21 21:07:08.071554
23.2,2020-02-21 21:07:09.324315
23.2,2020-02-21 21:07:10.539635
23.2,2020-02-21 21:07:11.763703
23.2,2020-02-21 21:07:12.979350
23.2,2020-02-21 21:07:14.199577
23.2,2020-02-21 21:07:15.416778
23.2,2020-02-21 21:07:16.631496
23.2,2020-02-21 21:07:17.844986
23.2,2020-02-21 21:07:19.059817
23.2,2020-02-21 21:07:20.271097
23.2,2020-02-21 21:07:21.493884
23.2,2020-02-21 21:07:22.718116
23.2,2020-02-21 21:07:23.937496
23.2,2020-02-21 21:07:25.150995
23.2,2020-02-21 21:07:26.361417
23.2,2020-02-21 21:07:27.570237
23.2,2020-02-21 21:07:28.782237
23.2,2020-02-21 21:07:29.998725
23.2,2020-02-21 21:07:31.214599
23.2,2020-02-21 21:07:32.435288
23.2,2020-02-21 21:07:33.648172
23.2,2020-02-21 21:07:34.861537
23.2,2020-02-21 21:07:36.076919
23.2,2020-02-21 21:07:37.293175
23.2,2020-02-21 21:07:38.505056
23.2,2020-02-21 21:07:39.717770
23.2,2020-02-21 21:07:40.936181
23.2,2020-02-21 21:07:42.146230
23.2,2020-02-21 21:07:43.357374
23.2,2020-02-21 21:07:44.579762
23.2,2020-02-21 21:07:45.792529
23.2,2020-02-21 21:07:46.998753
23.2,2020-02-21 21:07:48.213226
23.2,2020-02-21 21:07:49.435890
23.2,2020-02-21 21:07:50.661693
23.2,2020-02-21 21:07:51.883718
23.2,2020-02-21 21:07:53.102353
23.2,2020-02-21 21:07:54.312483
23.2,2020-02-21 21:07:55.533684
23.2,2020-02-21 21:07:56.753122
23.2,2020-02-21 21:07:57.966220
23.2,2020-02-21 21:07:59.360596
23.2,2020-02-21 21:08:00.644554
23.2,2020-02-21 21:08:01.863294
23.2,2020-02-21 21:08:03.080298
23.2,2020-02-21 21:08:04.299498
23.2,2020-02-21 21:08:05.514212
23.2,2020-02-21 21:08:06.730704
23.2,2020-02-21 21:08:07.944496
23.2,2020-02-21 21:08:09.161050
23.2,2020-02-21 21:08:10.382414
23.2,2020-02-21 21:08:11.596047
23.2,2020-02-21 21:08:12.811398
23.2,2020-02-21 21:08:14.025150
23.2,2020-02-21 21:08:15.322802
23.2,2020-02-21 21:08:16.552722
23.2,2020-02-21 21:08:17.761240
23.2,2020-02-21 21:08:18.981632
23.2,2020-02-21 21:08:20.198490
23.2,2020-02-21 21:08:21.418086
23.2,2020-02-21 21:08:22.638735
23.2,2020-02-21 21:08:23.857226
23.2,2020-02-21 21:08:25.072389
23.2,2020-02-21 21:08:26.289316
23.2,2020-02-21 21:08:27.504293
23.2,2020-02-21 21:08:28.717208
23.2,2020-02-21 21:08:29.933202
23.2,2020-02-21 21:08:31.152726
23.2,2020-02-21 21:08:32.365960
23.2,2020-02-21 21:08:33.580489
23.2,2020-02-21 21:08:34.795825
23.2,2020-02-21 21:08:36.033684
23.2,2020-02-21 21:08:37.251289
23.2,2020-02-21 21:08:38.467419
23.2,2020-02-21 21:08:39.676815
23.2,2020-02-21 21:08:40.924051
23.2,2020-02-21 21:08:42.142210
23.2,2020-02-21 21:08:43.357313
23.2,2020-02-21 21:08:44.569601
23.2,2020-02-21 21:08:45.782775
23.2,2020-02-21 21:08:47.003390
23.2,2020-02-21 21:08:48.222519
23.2,2020-02-21 21:08:49.443197
23.2,2020-02-21 21:08:50.661167
23.2,2020-02-21 21:08:51.876096
23.2,2020-02-21 21:08:53.089705
23.2,2020-02-21 21:08:54.304311
23.2,2020-02-21 21:08:55.543984
23.2,2020-02-21 21:08:56.758415
23.2,2020-02-21 21:08:57.970972
23.2,2020-02-21 21:08:59.359005
23.2,2020-02-21 21:09:00.646004
23.2,2020-02-21 21:09:01.859433
23.2,2020-02-21 21:09:03.069727
23.2,2020-02-21 21:09:04.285176
23.2,2020-02-21 21:09:05.497310
23.2,2020-02-21 21:09:06.712482
23.2,2020-02-21 21:09:07.931245
23.2,2020-02-21 21:09:09.144374
23.2,2020-02-21 21:09:10.368373
23.2,2020-02-21 21:09:11.587465
23.2,2020-02-21 21:09:12.803414
23.2,2020-02-21 21:09:14.028051
23.2,2020-02-21 21:09:15.251217
23.2,2020-02-21 21:09:16.485928
23.2,2020-02-21 21:09:17.703484
23.2,2020-02-21 21:09:18.915740
23.2,2020-02-21 21:09:20.125785
23.2,2020-02-21 21:09:21.581446
23.2,2020-02-21 21:09:22.797236
23.2,2020-02-21 21:09:24.015036
23.2,2020-02-21 21:09:25.227066
23.2,2020-02-21 21:09:26.438086
23.2,2020-02-21 21:09:27.656028
23.3,2020-02-21 21:09:28.868951
23.3,2020-02-21 21:09:30.092592
23.3,2020-02-21 21:09:31.310375
23.3,2020-02-21 21:09:32.523130
23.3,2020-02-21 21:09:33.734668
23.3,2020-02-21 21:09:34.958666
23.3,2020-02-21 21:09:36.171929
23.3,2020-02-21 21:09:37.392525
23.3,2020-02-21 21:09:38.604182
23.3,2020-02-21 21:09:39.827087
23.3,2020-02-21 21:09:41.050904
23.3,2020-02-21 21:09:42.284042
23.3,2020-02-21 21:09:43.504975
23.3,2020-02-21 21:09:49.906178
23.3,2020-02-21 21:09:51.116834
23.3,2020-02-21 21:09:52.330369
23.3,2020-02-21 21:09:53.543377
23.3,2020-02-21 21:09:54.758243
23.3,2020-02-21 21:09:55.973905
23.3,2020-02-21 21:09:57.185848
23.3,2020-02-21 21:09:58.398370
23.3,2020-02-21 21:09:59.835980
23.3,2020-02-21 21:10:01.053203
23.3,2020-02-21 21:10:02.266770
23.3,2020-02-21 21:10:03.488990
23.3,2020-02-21 21:10:04.709644
23.4,2020-02-21 21:10:05.928253
23.4,2020-02-21 21:10:07.139909
23.4,2020-02-21 21:10:08.353622
23.4,2020-02-21 21:10:09.567880
23.4,2020-02-21 21:10:10.781926
23.4,2020-02-21 21:10:11.995706
23.4,2020-02-21 21:10:13.214881
23.4,2020-02-21 21:10:14.442129
23.4,2020-02-21 21:10:15.654004
23.4,2020-02-21 21:10:16.872263
23.4,2020-02-21 21:10:18.087578
23.4,2020-02-21 21:10:19.308579
23.4,2020-02-21 21:10:20.521533
23.4,2020-02-21 21:10:21.740002
23.4,2020-02-21 21:10:22.961097
23.4,2020-02-21 21:10:24.176943
23.4,2020-02-21 21:10:25.393687
23.4,2020-02-21 21:10:26.617126
23.4,2020-02-21 21:10:27.824481
23.4,2020-02-21 21:10:29.034955
23.4,2020-02-21 21:10:30.250821
23.4,2020-02-21 21:10:31.464918
23.4,2020-02-21 21:10:32.676071
23.4,2020-02-21 21:10:33.897263
23.4,2020-02-21 21:10:35.124843
23.4,2020-02-21 21:10:36.347908
23.4,2020-02-21 21:10:37.559658
23.4,2020-02-21 21:10:38.783271
23.4,2020-02-21 21:10:39.999122
23.4,2020-02-21 21:10:41.207421
23.4,2020-02-21 21:10:42.423557
23.4,2020-02-21 21:10:43.661870
23.4,2020-02-21 21:10:44.874396
23.4,2020-02-21 21:10:46.095135
23.4,2020-02-21 21:10:47.307287
23.4,2020-02-21 21:10:48.529257
23.4,2020-02-21 21:10:49.743572
23.4,2020-02-21 21:10:50.959106
23.4,2020-02-21 21:10:52.172842
23.4,2020-02-21 21:10:53.414861
23.4,2020-02-21 21:10:54.623713
23.4,2020-02-21 21:10:55.834327
23.4,2020-02-21 21:10:57.061377
23.4,2020-02-21 21:10:58.276352
23.4,2020-02-21 21:10:59.663346
23.4,2020-02-21 21:11:00.879725
23.4,2020-02-21 21:11:02.091446
23.4,2020-02-21 21:11:03.301152
23.4,2020-02-21 21:11:04.517062
23.4,2020-02-21 21:11:05.734517
23.4,2020-02-21 21:11:06.955869
23.5,2020-02-21 21:11:08.175011
23.5,2020-02-21 21:11:09.385935
23.5,2020-02-21 21:11:10.608567
23.5,2020-02-21 21:11:11.818929
23.5,2020-02-21 21:11:13.033226
23.5,2020-02-21 21:11:14.265071
23.5,2020-02-21 21:11:15.557645
23.5,2020-02-21 21:11:16.769749
23.5,2020-02-21 21:11:18.035132
23.5,2020-02-21 21:11:19.294124
23.5,2020-02-21 21:11:20.596015
23.5,2020-02-21 21:11:21.819086
23.5,2020-02-21 21:11:23.047111
23.5,2020-02-21 21:11:24.264187
23.5,2020-02-21 21:11:25.483436
23.5,2020-02-21 21:11:26.697133
23.5,2020-02-21 21:11:27.934234
23.5,2020-02-21 21:11:29.152901
23.5,2020-02-21 21:11:30.369846
23.5,2020-02-21 21:11:31.620347
23.5,2020-02-21 21:11:32.847178
23.5,2020-02-21 21:11:34.057382
23.5,2020-02-21 21:11:35.275064
23.5,2020-02-21 21:11:36.498199
23.5,2020-02-21 21:11:37.716688
23.5,2020-02-21 21:11:38.932542
23.5,2020-02-21 21:11:40.158913
23.5,2020-02-21 21:11:41.373098
23.5,2020-02-21 21:11:42.593080
23.5,2020-02-21 21:11:43.805314
23.5,2020-02-21 21:11:45.015161
23.5,2020-02-21 21:11:46.228696
23.5,2020-02-21 21:11:47.450426
23.5,2020-02-21 21:11:48.668772
23.5,2020-02-21 21:11:49.880025
23.5,2020-02-21 21:11:51.101208
23.5,2020-02-21 21:11:52.315535
23.5,2020-02-21 21:11:53.530276
23.5,2020-02-21 21:11:54.779644
23.5,2020-02-21 21:11:55.997219
23.5,2020-02-21 21:11:57.209778
24.0,2020-02-21 21:11:58.436084
24.0,2020-02-21 21:11:59.839259
24.0,2020-02-21 21:12:01.110251
24.0,2020-02-21 21:12:02.323957
24.0,2020-02-21 21:12:03.541551
24.0,2020-02-21 21:12:04.787611
24.0,2020-02-21 21:12:06.008463
23.9,2020-02-21 21:12:07.220162
23.9,2020-02-21 21:12:08.432468
23.9,2020-02-21 21:12:09.649802
23.9,2020-02-21 21:12:10.861089
23.9,2020-02-21 21:12:12.079695
23.9,2020-02-21 21:12:13.296081
23.9,2020-02-21 21:12:14.512054
23.9,2020-02-21 21:12:15.729757
23.9,2020-02-21 21:12:16.954679
23.9,2020-02-21 21:12:18.172812
23.9,2020-02-21 21:12:19.766120
23.9,2020-02-21 21:12:20.982582
23.9,2020-02-21 21:12:22.212880
23.9,2020-02-21 21:12:23.436462
23.9,2020-02-21 21:12:24.643970
23.9,2020-02-21 21:12:25.864430
23.9,2020-02-21 21:12:27.075412
23.9,2020-02-21 21:12:28.650020
23.9,2020-02-21 21:12:29.873038
23.9,2020-02-21 21:12:31.091186
23.9,2020-02-21 21:12:32.305724
23.9,2020-02-21 21:12:33.524339
23.9,2020-02-21 21:12:34.737632
23.9,2020-02-21 21:12:35.977889
23.9,2020-02-21 21:12:37.546116
23.9,2020-02-21 21:12:38.756154
23.9,2020-02-21 21:12:39.966701
23.9,2020-02-21 21:12:41.178428
23.9,2020-02-21 21:12:42.392975
23.9,2020-02-21 21:12:43.992201
23.9,2020-02-21 21:12:45.208444
23.9,2020-02-21 21:12:46.460598
23.9,2020-02-21 21:12:47.678943
23.8,2020-02-21 21:12:49.261314
23.8,2020-02-21 21:12:50.479888
23.8,2020-02-21 21:12:52.084607
23.9,2020-02-21 21:12:53.686249
23.9,2020-02-21 21:12:54.904768
23.9,2020-02-21 21:12:56.491860
23.8,2020-02-21 21:12:57.707209
23.8,2020-02-21 21:12:59.651452
23.9,2020-02-21 21:13:01.226532
23.9,2020-02-21 21:13:02.805759
23.9,2020-02-21 21:13:04.416622
23.9,2020-02-21 21:13:05.995978
23.9,2020-02-21 21:13:07.559806
23.9,2020-02-21 21:13:09.176890
23.9,2020-02-21 21:13:10.749630
23.9,2020-02-21 21:13:12.313727
23.9,2020-02-21 21:13:13.910603
23.9,2020-02-21 21:13:15.483158
23.9,2020-02-21 21:13:17.047675
23.9,2020-02-21 21:13:18.618787
23.9,2020-02-21 21:13:19.835112
23.9,2020-02-21 21:13:21.411613
23.9,2020-02-21 21:13:22.622703
23.9,2020-02-21 21:13:24.199331
23.9,2020-02-21 21:13:25.788749
23.8,2020-02-21 21:13:27.375657
23.8,2020-02-21 21:13:28.961787
23.8,2020-02-21 21:13:30.541340
23.8,2020-02-21 21:13:32.111180
23.8,2020-02-21 21:13:33.722588
23.8,2020-02-21 21:13:34.943202
23.8,2020-02-21 21:13:36.523357
23.8,2020-02-21 21:13:38.120486
23.8,2020-02-21 21:13:39.710535
23.8,2020-02-21 21:13:41.277605
23.8,2020-02-21 21:13:42.859012
23.8,2020-02-21 21:13:44.467113
23.8,2020-02-21 21:13:46.079069
23.8,2020-02-21 21:13:47.635338
23.8,2020-02-21 21:13:49.192100
23.8,2020-02-21 21:13:50.773965
23.8,2020-02-21 21:13:52.367348
23.8,2020-02-21 21:13:53.954610
23.8,2020-02-21 21:13:55.812740
23.8,2020-02-21 21:13:57.385351
23.8,2020-02-21 21:13:59.164533
23.8,2020-02-21 21:14:00.867180
23.8,2020-02-21 21:14:02.438056
23.8,2020-02-21 21:14:04.005933
23.8,2020-02-21 21:14:05.570909
23.8,2020-02-21 21:14:12.153990
23.8,2020-02-21 21:14:13.741161
23.8,2020-02-21 21:14:15.313275
23.8,2020-02-21 21:14:16.882496
23.8,2020-02-21 21:14:18.468522
23.8,2020-02-21 21:14:20.040094
23.8,2020-02-21 21:14:21.611198
23.8,2020-02-21 21:14:23.336267
23.8,2020-02-21 21:14:24.904711
23.8,2020-02-21 21:14:26.475885
23.8,2020-02-21 21:14:28.096954
23.9,2020-02-21 21:14:29.719905
23.9,2020-02-21 21:14:31.355857
23.9,2020-02-21 21:14:32.990851
23.9,2020-02-21 21:14:34.558427
23.9,2020-02-21 21:14:36.165546
23.9,2020-02-21 21:14:37.733561
23.9,2020-02-21 21:14:39.306802
23.9,2020-02-21 21:14:40.884636
23.9,2020-02-21 21:14:42.452914
23.9,2020-02-21 21:14:44.030877
23.9,2020-02-21 21:14:45.611684
23.9,2020-02-21 21:14:47.182956
23.9,2020-02-21 21:14:48.744971
23.9,2020-02-21 21:14:50.313089
23.9,2020-02-21 21:14:51.888853
23.9,2020-02-21 21:14:53.453967
23.9,2020-02-21 21:14:55.031235
23.9,2020-02-21 21:14:56.599097
23.9,2020-02-21 21:14:58.177366
23.9,2020-02-21 21:15:00.177381
23.9,2020-02-21 21:15:01.731756
23.9,2020-02-21 21:15:03.302028
23.9,2020-02-21 21:15:04.866799
23.9,2020-02-21 21:15:06.431242
23.9,2020-02-21 21:15:08.002303
23.9,2020-02-21 21:15:09.565012
23.9,2020-02-21 21:15:11.144344
23.9,2020-02-21 21:15:12.713419
23.9,2020-02-21 21:15:14.269519
23.9,2020-02-21 21:15:15.849280
23.9,2020-02-21 21:15:17.413953
23.9,2020-02-21 21:15:18.999045
23.9,2020-02-21 21:15:20.574847
23.9,2020-02-21 21:15:22.159866
23.9,2020-02-21 21:15:23.732822
23.9,2020-02-21 21:15:25.309796
23.9,2020-02-21 21:15:26.897548
23.9,2020-02-21 21:15:28.482374
23.9,2020-02-21 21:15:30.058894
23.9,2020-02-21 21:15:31.620709
23.9,2020-02-21 21:15:33.188244
23.9,2020-02-21 21:15:34.771710
23.9,2020-02-21 21:15:36.349101
23.9,2020-02-21 21:15:37.914412
23.9,2020-02-21 21:15:39.497073
24.0,2020-02-21 21:15:41.056719
24.0,2020-02-21 21:15:42.628315
23.9,2020-02-21 21:15:44.191602
23.9,2020-02-21 21:15:45.773149
23.9,2020-02-21 21:15:47.344544
24.0,2020-02-21 21:15:48.908791
24.0,2020-02-21 21:15:50.567411
24.0,2020-02-21 21:15:52.132604
24.0,2020-02-21 21:15:53.711232
24.0,2020-02-21 21:15:55.323771
24.0,2020-02-21 21:15:56.885198
24.0,2020-02-21 21:15:58.533496
24.0,2020-02-21 21:16:00.534120
24.0,2020-02-21 21:16:02.093286
24.0,2020-02-21 21:16:03.661375
24.0,2020-02-21 21:16:05.217340
24.0,2020-02-21 21:16:06.780405
24.0,2020-02-21 21:16:08.376575
24.0,2020-02-21 21:16:09.943879
24.0,2020-02-21 21:16:11.518596
24.0,2020-02-21 21:16:13.073529
24.0,2020-02-21 21:16:14.680246
24.0,2020-02-21 21:16:16.255844
24.0,2020-02-21 21:16:17.817759
24.0,2020-02-21 21:16:19.374493
24.0,2020-02-21 21:16:20.982026
24.0,2020-02-21 21:16:22.559534
24.0,2020-02-21 21:16:24.207401
24.1,2020-02-21 21:16:25.842350
24.1,2020-02-21 21:16:27.429326
24.1,2020-02-21 21:16:29.022769
24.1,2020-02-21 21:16:30.603265
24.1,2020-02-21 21:16:32.206152
24.1,2020-02-21 21:16:33.799413
24.1,2020-02-21 21:16:35.376725
24.1,2020-02-21 21:16:36.978986
24.1,2020-02-21 21:16:38.569562
24.1,2020-02-21 21:16:40.176294
24.1,2020-02-21 21:16:41.790548
24.1,2020-02-21 21:16:43.376361
24.1,2020-02-21 21:16:44.958633
24.1,2020-02-21 21:16:46.552167
24.1,2020-02-21 21:16:48.156528
24.1,2020-02-21 21:16:49.724577
24.1,2020-02-21 21:16:51.357473
24.1,2020-02-21 21:16:52.943309
24.1,2020-02-21 21:16:54.510653
24.1,2020-02-21 21:16:56.093789
24.1,2020-02-21 21:16:57.772125
24.1,2020-02-21 21:17:00.032442
24.1,2020-02-21 21:17:06.609604
24.1,2020-02-21 21:17:08.199602
24.1,2020-02-21 21:17:09.809250
24.1,2020-02-21 21:17:11.434149
24.1,2020-02-21 21:17:13.029964
24.1,2020-02-21 21:17:14.631815
24.1,2020-02-21 21:17:16.237208
24.1,2020-02-21 21:17:17.880966
24.1,2020-02-21 21:17:19.528187
24.1,2020-02-21 21:17:21.088322
24.1,2020-02-21 21:17:22.657430
24.1,2020-02-21 21:17:24.223424
24.1,2020-02-21 21:17:25.798699
24.1,2020-02-21 21:17:27.383666
24.1,2020-02-21 21:17:28.960679
24.1,2020-02-21 21:17:30.534986
24.1,2020-02-21 21:17:32.101131
24.1,2020-02-21 21:17:33.670693
24.1,2020-02-21 21:17:35.278877
24.0,2020-02-21 21:17:36.863191
24.0,2020-02-21 21:17:38.440243
24.0,2020-02-21 21:17:40.004337
24.0,2020-02-21 21:17:41.586716
24.0,2020-02-21 21:17:43.151331
24.0,2020-02-21 21:17:44.710655
23.9,2020-02-21 21:17:46.271702
23.9,2020-02-21 21:17:47.839354
23.9,2020-02-21 21:17:49.399869
23.9,2020-02-21 21:17:50.962997
23.9,2020-02-21 21:17:53.608737
23.9,2020-02-21 21:17:55.172420
23.9,2020-02-21 21:17:56.754980
23.8,2020-02-21 21:17:58.336798
23.8,2020-02-21 21:18:00.895197
23.8,2020-02-21 21:18:02.469207
23.8,2020-02-21 21:18:04.071868
23.8,2020-02-21 21:18:05.650932
23.8,2020-02-21 21:18:07.229525
23.8,2020-02-21 21:18:08.867217
23.8,2020-02-21 21:18:10.455355
23.8,2020-02-21 21:18:12.034203
23.8,2020-02-21 21:18:13.614779
23.8,2020-02-21 21:18:15.243400
23.8,2020-02-21 21:18:16.829448
23.8,2020-02-21 21:18:18.411737
23.8,2020-02-21 21:18:20.004834
23.8,2020-02-21 21:18:21.578160
23.9,2020-02-21 21:18:23.144527
23.9,2020-02-21 21:18:24.736674
23.9,2020-02-21 21:18:26.346509
23.9,2020-02-21 21:18:32.917290
23.9,2020-02-21 21:18:34.512857
24.1,2020-02-21 21:21:10.349556
24.1,2020-02-21 21:21:12.014395
24.1,2020-02-21 21:21:13.566717
24.1,2020-02-21 21:21:15.172655
24.1,2020-02-21 21:21:16.743029
24.1,2020-02-21 21:21:18.293973
24.1,2020-02-21 21:21:19.844568
24.1,2020-02-21 21:21:21.411475
24.1,2020-02-21 21:21:22.973900
24.1,2020-02-21 21:21:24.555647
24.1,2020-02-21 21:21:26.134028
24.1,2020-02-21 21:21:27.702103
24.1,2020-02-21 21:21:29.295151
24.1,2020-02-21 21:21:30.858463
24.1,2020-02-21 21:21:32.444522
24.1,2020-02-21 21:21:34.016229
24.1,2020-02-21 21:21:35.581832
24.1,2020-02-21 21:21:37.156261
24.1,2020-02-21 21:21:38.747976
24.6,2020-02-21 21:21:40.330194
24.6,2020-02-21 21:21:41.917214
24.6,2020-02-21 21:21:43.551439
25.0,2020-02-21 21:21:45.140925
25.0,2020-02-21 21:21:47.013042
24.9,2020-02-21 21:21:48.608622
24.9,2020-02-21 21:21:50.172918
24.9,2020-02-21 21:21:51.747053
24.8,2020-02-21 21:21:53.303547
24.8,2020-02-21 21:21:54.865229
24.8,2020-02-21 21:21:56.715217
24.8,2020-02-21 21:21:58.319150
24.8,2020-02-21 21:22:00.319778
24.8,2020-02-21 21:22:01.884185
24.8,2020-02-21 21:22:03.471161
24.7,2020-02-21 21:22:05.054541
24.7,2020-02-21 21:22:11.642557
24.7,2020-02-21 21:22:13.202277
24.7,2020-02-21 21:22:14.776763
24.7,2020-02-21 21:22:16.356922
24.6,2020-02-21 21:22:23.097257
24.6,2020-02-21 21:22:24.663747
24.6,2020-02-21 21:22:26.222691
24.6,2020-02-21 21:22:27.789113
24.6,2020-02-21 21:22:29.364629
24.6,2020-02-21 21:22:30.942596
24.6,2020-02-21 21:22:32.501959
24.6,2020-02-21 21:22:34.060974
24.5,2020-02-21 21:22:35.672616
24.5,2020-02-21 21:22:37.229382
24.5,2020-02-21 21:22:38.810289
24.5,2020-02-21 21:22:40.388393
24.5,2020-02-21 21:22:41.949429
24.5,2020-02-21 21:22:44.550951
24.5,2020-02-21 21:22:46.283748
24.5,2020-02-21 21:22:47.922454
24.5,2020-02-21 21:22:49.549310
24.5,2020-02-21 21:22:51.157178
24.5,2020-02-21 21:22:52.737180
24.5,2020-02-21 21:22:54.358460
24.5,2020-02-21 21:22:56.006358
24.5,2020-02-21 21:22:57.612852
24.5,2020-02-21 21:22:59.673559
24.5,2020-02-21 21:23:01.262791
24.5,2020-02-21 21:23:02.856243
24.4,2020-02-21 21:23:04.517798
24.4,2020-02-21 21:23:06.125002
24.4,2020-02-21 21:23:07.719792
24.4,2020-02-21 21:23:09.313826
24.4,2020-02-21 21:23:10.889399
24.4,2020-02-21 21:23:12.473144
24.4,2020-02-21 21:23:14.045539
24.4,2020-02-21 21:23:15.617464
24.4,2020-02-21 21:23:17.184781
24.4,2020-02-21 21:23:18.740292
24.4,2020-02-21 21:23:20.311444
24.4,2020-02-21 21:23:21.884199
24.4,2020-02-21 21:23:23.449502
24.4,2020-02-21 21:23:25.292785
24.4,2020-02-21 21:23:26.866967
24.4,2020-02-21 21:23:28.444073
24.4,2020-02-21 21:23:30.008906
24.4,2020-02-21 21:23:31.586824
24.4,2020-02-21 21:23:33.156264
24.4,2020-02-21 21:23:34.757037
24.4,2020-02-21 21:23:36.326296
24.4,2020-02-21 21:23:37.968431
24.4,2020-02-21 21:23:39.592607
24.4,2020-02-21 21:23:41.161097
24.4,2020-02-21 21:23:42.763628
24.4,2020-02-21 21:23:44.349516
24.4,2020-02-21 21:23:45.920796
24.4,2020-02-21 21:23:47.513933
24.4,2020-02-21 21:23:49.149047
24.4,2020-02-21 21:23:50.720694
24.4,2020-02-21 21:23:52.304203
24.4,2020-02-21 21:23:53.870982
24.4,2020-02-21 21:23:55.473579
24.4,2020-02-21 21:23:57.043057
24.4,2020-02-21 21:23:58.773922
24.4,2020-02-21 21:24:01.401895
24.4,2020-02-21 21:24:02.985455
24.4,2020-02-21 21:24:04.586699
24.4,2020-02-21 21:24:06.159828
24.4,2020-02-21 21:24:07.743701
24.4,2020-02-21 21:24:09.339816
24.4,2020-02-21 21:24:10.971375
24.4,2020-02-21 21:24:12.552067
24.4,2020-02-21 21:24:14.116510
24.4,2020-02-21 21:24:15.740650
24.4,2020-02-21 21:24:17.304033
24.4,2020-02-21 21:24:18.877243
24.4,2020-02-21 21:24:20.444314
24.4,2020-02-21 21:24:22.016867
24.4,2020-02-21 21:24:23.588444
24.4,2020-02-21 21:24:25.164048
24.4,2020-02-21 21:24:26.726489
24.4,2020-02-21 21:24:28.304025
24.4,2020-02-21 21:24:29.867430
25.1,2020-02-21 21:24:31.448179
25.1,2020-02-21 21:24:33.036359
25.1,2020-02-21 21:24:34.718424
25.0,2020-02-21 21:24:36.351950
25.0,2020-02-21 21:24:37.960152
24.9,2020-02-21 21:24:39.532769
24.9,2020-02-21 21:24:41.099043
24.9,2020-02-21 21:24:42.657389
24.9,2020-02-21 21:24:44.220310
24.9,2020-02-21 21:24:45.786141
24.9,2020-02-21 21:24:47.360736
24.9,2020-02-21 21:24:48.947809
24.9,2020-02-21 21:24:50.506517
24.9,2020-02-21 21:24:52.084106
24.9,2020-02-21 21:24:53.644458
24.9,2020-02-21 21:24:55.207078
24.8,2020-02-21 21:24:56.783791
24.8,2020-02-21 21:24:58.356814
24.8,2020-02-21 21:25:00.326876
24.8,2020-02-21 21:25:01.908102
24.8,2020-02-21 21:25:03.473255
24.8,2020-02-21 21:25:05.046808
24.8,2020-02-21 21:25:06.614725
24.8,2020-02-21 21:25:08.183622
24.8,2020-02-21 21:25:09.745454
24.8,2020-02-21 21:25:11.312426
24.8,2020-02-21 21:25:12.874786
24.8,2020-02-21 21:25:14.518017
24.8,2020-02-21 21:25:16.068425
24.7,2020-02-21 21:25:17.625191
24.7,2020-02-21 21:25:19.183434
24.7,2020-02-21 21:25:20.751121
24.7,2020-02-21 21:25:22.324072
24.7,2020-02-21 21:25:23.882478
24.7,2020-02-21 21:25:25.456057
24.7,2020-02-21 21:25:27.020079
24.7,2020-02-21 21:25:28.658455
24.7,2020-02-21 21:25:30.217430
24.7,2020-02-21 21:25:31.774375
24.7,2020-02-21 21:25:33.373649
24.7,2020-02-21 21:25:34.984628
24.7,2020-02-21 21:25:36.562025
24.7,2020-02-21 21:25:38.122002
24.7,2020-02-21 21:25:39.690916
24.7,2020-02-21 21:25:41.258485
24.7,2020-02-21 21:25:42.834293
24.7,2020-02-21 21:25:44.404707
24.7,2020-02-21 21:25:45.971200
24.7,2020-02-21 21:25:47.560760
24.7,2020-02-21 21:25:49.213886
24.7,2020-02-21 21:25:50.783146
24.7,2020-02-21 21:25:52.379549
24.7,2020-02-21 21:25:53.939712
24.6,2020-02-21 21:25:55.516318
24.6,2020-02-21 21:25:57.081955
24.6,2020-02-21 21:25:58.771289
24.6,2020-02-21 21:26:00.640715
24.6,2020-02-21 21:26:02.223431
24.6,2020-02-21 21:26:03.781014
24.6,2020-02-21 21:26:06.371624
24.6,2020-02-21 21:26:07.961133
24.6,2020-02-21 21:26:09.546734
24.6,2020-02-21 21:26:12.183357
24.6,2020-02-21 21:26:14.092730
24.6,2020-02-21 21:26:15.664755
24.6,2020-02-21 21:26:17.226327
24.6,2020-02-21 21:26:18.827405
24.6,2020-02-21 21:26:20.404271
24.6,2020-02-21 21:26:21.982690
24.6,2020-02-21 21:26:23.554520
24.6,2020-02-21 21:26:25.132847
24.6,2020-02-21 21:26:26.708369
24.6,2020-02-21 21:26:28.286123
24.6,2020-02-21 21:26:29.848291
24.6,2020-02-21 21:26:31.443042
24.6,2020-02-21 21:26:33.026686
24.6,2020-02-21 21:26:34.594790
24.6,2020-02-21 21:26:36.159982
24.6,2020-02-21 21:26:37.813982
24.6,2020-02-21 21:26:39.385490
24.6,2020-02-21 21:26:40.957419
24.5,2020-02-21 21:26:48.633844
24.5,2020-02-21 21:26:50.200219
24.5,2020-02-21 21:26:51.805374
24.5,2020-02-21 21:26:53.385074
24.5,2020-02-21 21:26:54.943471
24.5,2020-02-21 21:26:56.518675
25.1,2020-02-21 21:26:58.084221
25.1,2020-02-21 21:27:00.195154
25.0,2020-02-21 21:27:01.770730
25.0,2020-02-21 21:27:03.341065
25.0,2020-02-21 21:27:05.241389
25.0,2020-02-21 21:27:06.820038
25.0,2020-02-21 21:27:08.374621
25.0,2020-02-21 21:27:09.947532
24.9,2020-02-21 21:27:11.511056
24.9,2020-02-21 21:27:13.088195
24.9,2020-02-21 21:27:14.662721
24.9,2020-02-21 21:27:16.230156
24.9,2020-02-21 21:27:17.807118
24.9,2020-02-21 21:27:19.378127
24.9,2020-02-21 21:27:20.937586
24.9,2020-02-21 21:27:22.516291
24.9,2020-02-21 21:27:24.126364
24.9,2020-02-21 21:27:25.715075
24.9,2020-02-21 21:27:27.286653
24.9,2020-02-21 21:27:28.914595
24.9,2020-02-21 21:27:30.540588
24.8,2020-02-21 21:27:32.113474
24.8,2020-02-21 21:27:33.674606
24.9,2020-02-21 21:27:35.254218
23.9,2020-02-21 22:07:44.607903
23.9,2020-02-21 22:07:46.393989
23.9,2020-02-21 22:07:47.992487
23.9,2020-02-21 22:07:49.552965
23.9,2020-02-21 22:07:51.126643
23.9,2020-02-21 22:07:52.890701
23.9,2020-02-21 22:07:54.662640
22.8,2020-02-22 09:30:09.096997
22.8,2020-02-22 09:30:10.507523
22.8,2020-02-22 09:30:11.792701
22.8,2020-02-22 09:30:13.029243
22.8,2020-02-22 09:30:14.323560
22.8,2020-02-22 09:30:15.605760
22.8,2020-02-22 09:30:16.905894
22.8,2020-02-22 09:30:18.191605
22.8,2020-02-22 09:30:19.474171
22.8,2020-02-22 09:30:20.758127
22.8,2020-02-22 09:30:22.057721
22.8,2020-02-22 09:30:23.354385
22.8,2020-02-22 09:30:24.766396
22.8,2020-02-22 09:30:26.062166
22.8,2020-02-22 09:30:27.354644
22.8,2020-02-22 09:30:28.583280
22.8,2020-02-22 09:30:29.828826
22.8,2020-02-22 09:30:31.123221
22.8,2020-02-22 09:30:32.386194
22.8,2020-02-22 09:30:33.618718
22.8,2020-02-22 09:30:34.913087
22.8,2020-02-22 09:30:36.190393
22.8,2020-02-22 09:30:37.478059
22.8,2020-02-22 09:30:38.782369
22.8,2020-02-22 09:30:40.089498
22.8,2020-02-22 09:30:41.320134
22.8,2020-02-22 09:30:42.544139
22.8,2020-02-22 09:30:43.823648
22.8,2020-02-22 09:30:45.117625
22.8,2020-02-22 09:30:46.350156
22.8,2020-02-22 09:30:47.632224
22.8,2020-02-22 09:30:48.940892
22.8,2020-02-22 09:30:50.255139
22.8,2020-02-22 09:30:51.548396
22.8,2020-02-22 09:30:52.844399
22.8,2020-02-22 09:30:54.151845
22.8,2020-02-22 09:30:55.444371
22.8,2020-02-22 09:30:56.747468
22.8,2020-02-22 09:30:58.025482
22.8,2020-02-22 09:30:59.356172
22.8,2020-02-22 09:31:00.673488
22.8,2020-02-22 09:31:01.971087
22.8,2020-02-22 09:31:03.270923
22.8,2020-02-22 09:31:04.587330
22.8,2020-02-22 09:31:05.866115
22.8,2020-02-22 09:31:07.160959
22.8,2020-02-22 09:31:08.438743
22.8,2020-02-22 09:31:09.668552
22.8,2020-02-22 09:31:10.891418
22.8,2020-02-22 09:31:12.190011
22.8,2020-02-22 09:31:13.467578
22.8,2020-02-22 09:31:14.757332
22.8,2020-02-22 09:31:16.035002
22.8,2020-02-22 09:31:17.269426
22.8,2020-02-22 09:31:18.506124
22.8,2020-02-22 09:31:19.734976
22.8,2020-02-22 09:31:21.018759
22.8,2020-02-22 09:31:22.312621
22.8,2020-02-22 09:31:23.552631
22.8,2020-02-22 09:31:24.786183
22.8,2020-02-22 09:31:26.012438
22.8,2020-02-22 09:31:27.246384
22.8,2020-02-22 09:31:28.479605
22.8,2020-02-22 09:31:29.769745
22.8,2020-02-22 09:31:31.066313
22.8,2020-02-22 09:31:32.284947
22.9,2020-02-22 09:31:33.546191
22.9,2020-02-22 09:31:34.963348
22.9,2020-02-22 09:31:36.269590
22.9,2020-02-22 09:31:37.493986
22.9,2020-02-22 09:31:38.717454
22.9,2020-02-22 09:31:39.947667
22.9,2020-02-22 09:31:41.179167
22.9,2020-02-22 09:31:42.414536
22.9,2020-02-22 09:31:43.677726
22.9,2020-02-22 09:31:44.907759
22.9,2020-02-22 09:31:46.135331
22.9,2020-02-22 09:31:47.375891
22.9,2020-02-22 09:31:48.612332
22.9,2020-02-22 09:31:49.835716
22.9,2020-02-22 09:31:51.066918
22.9,2020-02-22 09:31:52.363677
22.9,2020-02-22 09:31:53.654274
22.9,2020-02-22 09:31:54.962445
22.9,2020-02-22 09:31:56.253928
22.9,2020-02-22 09:31:57.534644
22.9,2020-02-22 09:31:58.864791
22.9,2020-02-22 09:32:00.090472
22.9,2020-02-22 09:32:01.319187
22.9,2020-02-22 09:32:02.545765
22.9,2020-02-22 09:32:03.813643
22.9,2020-02-22 09:32:05.039599
22.9,2020-02-22 09:32:06.273646
22.9,2020-02-22 09:32:07.496001
22.9,2020-02-22 09:32:08.749945
22.9,2020-02-22 09:32:10.023214
22.9,2020-02-22 09:32:11.252688
22.9,2020-02-22 09:32:12.508600
22.9,2020-02-22 09:32:13.738896
22.9,2020-02-22 09:32:14.968233
22.9,2020-02-22 09:32:16.234002
22.9,2020-02-22 09:33:34.461126
22.9,2020-02-22 09:33:35.698224
22.9,2020-02-22 09:33:36.924201
22.9,2020-02-22 09:33:38.142314
22.9,2020-02-22 09:33:39.374309
22.9,2020-02-22 09:33:40.609767
22.9,2020-02-22 09:33:41.831946
22.9,2020-02-22 09:33:43.062616
22.9,2020-02-22 09:33:44.293164
22.9,2020-02-22 09:33:45.541749
22.9,2020-02-22 09:33:46.813935
23.0,2020-02-22 09:33:48.042312
23.0,2020-02-22 09:33:49.330333
23.0,2020-02-22 09:33:50.558941
23.1,2020-02-22 09:33:51.798619
23.1,2020-02-22 09:33:53.036151
23.1,2020-02-22 09:33:54.259820
23.2,2020-02-22 09:33:55.498769
23.2,2020-02-22 09:33:56.771111
23.2,2020-02-22 09:33:58.046141
23.2,2020-02-22 09:33:59.312995
23.2,2020-02-22 09:34:00.543725
23.2,2020-02-22 09:34:01.765145
23.2,2020-02-22 09:34:03.019595
23.3,2020-02-22 09:34:04.247139
23.3,2020-02-22 09:34:05.471553
23.3,2020-02-22 09:34:06.698445
23.3,2020-02-22 09:34:07.923471
23.4,2020-02-22 09:34:09.175646
23.4,2020-02-22 09:34:10.400729
23.4,2020-02-22 09:34:11.663045
23.4,2020-02-22 09:34:12.908115
23.4,2020-02-22 09:34:14.225159
23.4,2020-02-22 09:34:15.536002
23.5,2020-02-22 09:34:21.769293
23.5,2020-02-22 09:34:22.986198
23.5,2020-02-22 09:34:24.204401
23.5,2020-02-22 09:34:25.425512
23.5,2020-02-22 09:34:26.642920
23.5,2020-02-22 09:34:27.909487
23.5,2020-02-22 09:34:29.131019
23.5,2020-02-22 09:34:30.367471
23.5,2020-02-22 09:34:31.586136
23.5,2020-02-22 09:34:32.817605
23.5,2020-02-22 09:34:34.060269
23.5,2020-02-22 09:34:35.282629
23.5,2020-02-22 09:34:36.500225
23.4,2020-02-22 09:34:37.806177
23.4,2020-02-22 09:34:39.035060
23.4,2020-02-22 09:34:40.275960
23.4,2020-02-22 09:34:41.504335
23.4,2020-02-22 09:34:42.767620
23.4,2020-02-22 09:34:44.063785
23.4,2020-02-22 09:34:45.295589
23.4,2020-02-22 09:34:46.532765
23.4,2020-02-22 09:34:47.811245
23.4,2020-02-22 09:34:49.041673
23.4,2020-02-22 09:34:50.296174
23.4,2020-02-22 09:34:51.519160
23.4,2020-02-22 09:34:52.753405
23.4,2020-02-22 09:34:53.972831
23.4,2020-02-22 09:34:55.220402
23.4,2020-02-22 09:34:56.494618
23.4,2020-02-22 09:34:57.724533
23.4,2020-02-22 09:34:58.954472
23.4,2020-02-22 09:35:00.210091
23.4,2020-02-22 09:35:01.435832
23.4,2020-02-22 09:35:02.663459
23.4,2020-02-22 09:35:03.916016
23.4,2020-02-22 09:35:05.143378
23.4,2020-02-22 09:35:06.370108
23.4,2020-02-22 09:35:07.600613
23.4,2020-02-22 09:35:08.878452
23.4,2020-02-22 09:35:10.135581
23.4,2020-02-22 09:35:11.460212
23.4,2020-02-22 09:35:12.674454
23.4,2020-02-22 09:35:13.898161
23.4,2020-02-22 09:35:15.116146
23.4,2020-02-22 09:35:16.330424
23.4,2020-02-22 09:35:17.548040
23.4,2020-02-22 09:35:18.769540
23.4,2020-02-22 09:35:20.035746
23.4,2020-02-22 09:35:21.256155
23.4,2020-02-22 09:35:22.477827
23.3,2020-02-22 09:35:23.693622
23.3,2020-02-22 09:35:24.920633
23.3,2020-02-22 09:35:26.138988
23.3,2020-02-22 09:35:27.362865
23.3,2020-02-22 09:35:28.611550
23.3,2020-02-22 09:35:29.850645
23.3,2020-02-22 09:35:31.078128
23.3,2020-02-22 09:35:32.318643
23.3,2020-02-22 09:35:33.539541
23.3,2020-02-22 09:35:34.813561
23.3,2020-02-22 09:35:36.096313
23.3,2020-02-22 09:35:37.315825
23.3,2020-02-22 09:35:38.577598
23.3,2020-02-22 09:35:40.078253
23.3,2020-02-22 09:35:41.408261
23.3,2020-02-22 09:35:42.648655
23.3,2020-02-22 09:35:44.122669
23.3,2020-02-22 09:35:45.343000
23.3,2020-02-22 09:35:46.568744
23.3,2020-02-22 09:35:47.785616
23.3,2020-02-22 09:35:49.020077
23.3,2020-02-22 09:35:50.257638
23.3,2020-02-22 09:35:51.479803
23.3,2020-02-22 09:35:52.707390
23.3,2020-02-22 09:35:53.968230
23.3,2020-02-22 09:35:55.353373
23.3,2020-02-22 09:35:56.569951
23.3,2020-02-22 09:35:57.801585
23.3,2020-02-22 09:35:59.027073
23.3,2020-02-22 09:36:00.256212
23.3,2020-02-22 09:36:01.511071
23.3,2020-02-22 09:36:02.726169
23.3,2020-02-22 09:36:03.942572
23.3,2020-02-22 09:36:05.179472
23.3,2020-02-22 09:36:06.394835
23.3,2020-02-22 09:36:07.612250
23.3,2020-02-22 09:36:08.872070
23.3,2020-02-22 09:36:10.175432
23.3,2020-02-22 09:36:11.401284
23.3,2020-02-22 09:36:12.621684
23.3,2020-02-22 09:36:13.834044
23.3,2020-02-22 09:36:15.047445
23.3,2020-02-22 09:36:16.273525
23.3,2020-02-22 09:36:17.494898
23.3,2020-02-22 09:36:18.719996
23.3,2020-02-22 09:36:19.970905
23.3,2020-02-22 09:36:21.192312
23.2,2020-02-22 09:36:22.456033
23.2,2020-02-22 09:36:23.674906
23.2,2020-02-22 09:36:24.912281
23.2,2020-02-22 09:36:26.144403
23.2,2020-02-22 09:36:27.363954
23.2,2020-02-22 09:36:28.615331
23.2,2020-02-22 09:36:29.851268
23.2,2020-02-22 09:36:31.072873
23.2,2020-02-22 09:36:32.337901
23.2,2020-02-22 09:36:33.558469
23.2,2020-02-22 09:36:34.825423
23.2,2020-02-22 09:36:36.068235
23.2,2020-02-22 09:36:37.414151
23.2,2020-02-22 09:36:38.699665
23.2,2020-02-22 09:36:40.056176
23.2,2020-02-22 09:36:41.320536
23.2,2020-02-22 09:36:42.544661
23.2,2020-02-22 09:36:43.763911
23.2,2020-02-22 09:36:45.006333
23.2,2020-02-22 09:36:46.223080
23.2,2020-02-22 09:36:47.465411
23.2,2020-02-22 09:36:48.709205
23.2,2020-02-22 09:36:49.931933
23.2,2020-02-22 09:36:51.158014
23.2,2020-02-22 09:36:52.374624
23.2,2020-02-22 09:36:53.594935
23.2,2020-02-22 09:36:55.019424
23.2,2020-02-22 09:36:56.243393
23.2,2020-02-22 09:36:57.463695
23.2,2020-02-22 09:36:58.723816
23.2,2020-02-22 09:37:00.034157
23.2,2020-02-22 09:37:01.274679
23.2,2020-02-22 09:37:02.525072
23.2,2020-02-22 09:37:03.758176
23.2,2020-02-22 09:37:04.981592
23.2,2020-02-22 09:37:06.258785
23.2,2020-02-22 09:37:07.474010
23.2,2020-02-22 09:37:08.687613
23.2,2020-02-22 09:37:09.904886
23.2,2020-02-22 09:37:11.134947
23.1,2020-02-22 09:37:12.359068
23.1,2020-02-22 09:37:13.609383
23.1,2020-02-22 09:37:14.869836
23.1,2020-02-22 09:37:16.129290
23.1,2020-02-22 09:37:17.350031
23.1,2020-02-22 09:37:18.579282
23.1,2020-02-22 09:37:19.799500
23.2,2020-02-22 09:37:21.012536
23.2,2020-02-22 09:37:22.245654
23.2,2020-02-22 09:37:23.475551
23.2,2020-02-22 09:37:24.693906
23.2,2020-02-22 09:37:25.978015
23.2,2020-02-22 09:37:27.250130
23.2,2020-02-22 09:37:28.482920
23.2,2020-02-22 09:37:29.720342
23.2,2020-02-22 09:37:30.984410
23.2,2020-02-22 09:37:32.205119
23.2,2020-02-22 09:37:33.438856
23.2,2020-02-22 09:37:34.666560
23.2,2020-02-22 09:37:35.886391
23.2,2020-02-22 09:37:37.104582
23.2,2020-02-22 09:37:38.327833
23.2,2020-02-22 09:37:39.554243
23.2,2020-02-22 09:37:40.821812
23.2,2020-02-22 09:37:42.038737
23.2,2020-02-22 09:37:43.261059
23.2,2020-02-22 09:37:44.484363
23.2,2020-02-22 09:37:45.705967
23.2,2020-02-22 09:37:46.927312
23.2,2020-02-22 09:37:48.151752
23.2,2020-02-22 09:37:49.372698
23.2,2020-02-22 09:37:50.610291
23.2,2020-02-22 09:37:51.823120
23.2,2020-02-22 09:37:53.052927
23.2,2020-02-22 09:37:54.279379
23.2,2020-02-22 09:37:55.497510
23.2,2020-02-22 09:37:56.716232
23.2,2020-02-22 09:37:57.974233
23.2,2020-02-22 09:37:59.241320
23.2,2020-02-22 09:38:00.477731
23.2,2020-02-22 09:38:01.705245
23.2,2020-02-22 09:38:02.925590
23.2,2020-02-22 09:38:04.156210
23.2,2020-02-22 09:38:05.393194
23.2,2020-02-22 09:38:06.623145
23.2,2020-02-22 09:38:07.857432
23.2,2020-02-22 09:38:09.074316
23.2,2020-02-22 09:38:10.381207
23.1,2020-02-22 09:38:11.610020
23.1,2020-02-22 09:38:12.831233
23.1,2020-02-22 09:38:14.055890
23.1,2020-02-22 09:38:15.307046
23.1,2020-02-22 09:38:16.532675
23.1,2020-02-22 09:38:17.757143
23.1,2020-02-22 09:38:19.021906
23.1,2020-02-22 09:38:20.246174
23.1,2020-02-22 09:38:21.486431
23.1,2020-02-22 09:38:22.720175
23.1,2020-02-22 09:38:23.958196
23.1,2020-02-22 09:38:25.217836
23.1,2020-02-22 09:38:26.467498
23.2,2020-02-22 09:38:27.687729
23.2,2020-02-22 09:38:28.907017
23.2,2020-02-22 09:38:30.148767
23.2,2020-02-22 09:38:31.367057
23.2,2020-02-22 09:38:32.619421
23.2,2020-02-22 09:38:33.837443
23.2,2020-02-22 09:38:35.067736
23.2,2020-02-22 09:38:36.307102
23.2,2020-02-22 09:38:37.540732
23.2,2020-02-22 09:38:38.810654
23.1,2020-02-22 09:38:40.051414
23.1,2020-02-22 09:38:41.294171
23.1,2020-02-22 09:38:42.526926
23.1,2020-02-22 09:38:43.757337
23.1,2020-02-22 09:38:44.998227
23.1,2020-02-22 09:38:46.220693
23.1,2020-02-22 09:38:47.448866
23.1,2020-02-22 09:38:48.669277
23.1,2020-02-22 09:38:49.890499
23.1,2020-02-22 09:38:51.111408
23.1,2020-02-22 09:38:52.338923
23.1,2020-02-22 09:38:53.566552
23.1,2020-02-22 09:38:54.809907
23.1,2020-02-22 09:38:56.036784
23.1,2020-02-22 09:38:57.274498
23.1,2020-02-22 09:38:58.504894
23.1,2020-02-22 09:38:59.723228
23.1,2020-02-22 09:39:00.944547
23.1,2020-02-22 09:39:02.166684
23.1,2020-02-22 09:39:03.384569
23.1,2020-02-22 09:39:04.636787
23.1,2020-02-22 09:39:05.867202
23.1,2020-02-22 09:39:07.107092
23.1,2020-02-22 09:39:08.383058
23.1,2020-02-22 09:39:09.620262
23.1,2020-02-22 09:39:10.850552
23.1,2020-02-22 09:39:12.077467
23.1,2020-02-22 09:39:13.305757
23.1,2020-02-22 09:39:14.535630
23.1,2020-02-22 09:39:15.764868
23.1,2020-02-22 09:39:16.995229
23.1,2020-02-22 09:39:18.225213
23.1,2020-02-22 09:39:19.449857
23.1,2020-02-22 09:39:20.681348
23.1,2020-02-22 09:39:21.943960
23.1,2020-02-22 09:39:23.167475
23.1,2020-02-22 09:39:24.404143
23.1,2020-02-22 09:39:25.630896
23.1,2020-02-22 09:39:26.852930
23.1,2020-02-22 09:39:28.089947
23.1,2020-02-22 09:39:29.315422
23.1,2020-02-22 09:39:30.548010
23.1,2020-02-22 09:39:31.766848
23.1,2020-02-22 09:39:32.994219
23.1,2020-02-22 09:39:34.293522
23.1,2020-02-22 09:39:35.579466
23.1,2020-02-22 09:39:36.794154
23.1,2020-02-22 09:39:38.021040
23.1,2020-02-22 09:39:39.237963
23.1,2020-02-22 09:39:40.462578
23.1,2020-02-22 09:39:41.683776
23.1,2020-02-22 09:39:42.929665
23.1,2020-02-22 09:39:44.197679
23.1,2020-02-22 09:39:45.424165
23.1,2020-02-22 09:39:46.654712
23.1,2020-02-22 09:39:47.926182
23.1,2020-02-22 09:39:49.232545
23.1,2020-02-22 09:39:50.527575
23.1,2020-02-22 09:39:51.848874
23.1,2020-02-22 09:39:53.136001
